"EnvelopeId","Recipient Name","Recipient Email","Recipient Signed","Field","Value"
"ffc37797-5b65-42b2-be02-0f780a0ff83e","Jack Doe","Jack.Doe_62A91D7B@5StarEnroll.com","8/7/2015 12:58:30 PM","Employer","Test Group 123"
"ffc37797-5b65-42b2-be02-0f780a0ff83e","Jack Doe","Jack.Doe_62A91D7B@5StarEnroll.com","8/7/2015 12:58:30 PM","eeSOH1","no"
"ffc37797-5b65-42b2-be02-0f780a0ff83e","Jack Doe","Jack.Doe_62A91D7B@5StarEnroll.com","8/7/2015 12:58:30 PM","eeSOH2","no"
"ffc37797-5b65-42b2-be02-0f780a0ff83e","Jack Doe","Jack.Doe_62A91D7B@5StarEnroll.com","8/7/2015 12:58:30 PM","eeSOH3","no"
"ffc37797-5b65-42b2-be02-0f780a0ff83e","Jack Doe","Jack.Doe_62A91D7B@5StarEnroll.com","8/7/2015 12:58:30 PM","eeSOH4","no"
"ffc37797-5b65-42b2-be02-0f780a0ff83e","Jack Doe","Jack.Doe_62A91D7B@5StarEnroll.com","8/7/2015 12:58:30 PM","eeSOH5","no"
"ffc37797-5b65-42b2-be02-0f780a0ff83e","Jack Doe","Jack.Doe_62A91D7B@5StarEnroll.com","8/7/2015 12:58:30 PM","eeSOH6","no"
"ffc37797-5b65-42b2-be02-0f780a0ff83e","Jack Doe","Jack.Doe_62A91D7B@5StarEnroll.com","8/7/2015 12:58:30 PM","eeSOH7","no"
"ffc37797-5b65-42b2-be02-0f780a0ff83e","Jack Doe","Jack.Doe_62A91D7B@5StarEnroll.com","8/7/2015 12:58:30 PM","eeSSN","888-77-6666"
"ffc37797-5b65-42b2-be02-0f780a0ff83e","Jack Doe","Jack.Doe_62A91D7B@5StarEnroll.com","8/7/2015 12:58:30 PM","eePremium","52.35"
"ffc37797-5b65-42b2-be02-0f780a0ff83e","Jack Doe","Jack.Doe_62A91D7B@5StarEnroll.com","8/7/2015 12:58:30 PM","eeDOB","02/02/1982"
"ffc37797-5b65-42b2-be02-0f780a0ff83e","Jack Doe","Jack.Doe_62A91D7B@5StarEnroll.com","8/7/2015 12:58:30 PM","eeCoverage","125,000"
"ffc37797-5b65-42b2-be02-0f780a0ff83e","Jack Doe","Jack.Doe_62A91D7B@5StarEnroll.com","8/7/2015 12:58:30 PM","eeName","Jack Doe"
"ffc37797-5b65-42b2-be02-0f780a0ff83e","Jack Doe","Jack.Doe_62A91D7B@5StarEnroll.com","8/7/2015 12:58:30 PM","eeCity","Chicago"
"ffc37797-5b65-42b2-be02-0f780a0ff83e","Jack Doe","Jack.Doe_62A91D7B@5StarEnroll.com","8/7/2015 12:58:30 PM","eeState","IL"
"ffc37797-5b65-42b2-be02-0f780a0ff83e","Jack Doe","Jack.Doe_62A91D7B@5StarEnroll.com","8/7/2015 12:58:30 PM","eeZip","12345"
"ffc37797-5b65-42b2-be02-0f780a0ff83e","Jack Doe","Jack.Doe_62A91D7B@5StarEnroll.com","8/7/2015 12:58:30 PM","productType","FPPTI"
"ffc37797-5b65-42b2-be02-0f780a0ff83e","Jack Doe","Jack.Doe_62A91D7B@5StarEnroll.com","8/7/2015 12:58:30 PM","agentCode","26PQD"
"ffc37797-5b65-42b2-be02-0f780a0ff83e","Jack Doe","Jack.Doe_62A91D7B@5StarEnroll.com","8/7/2015 12:58:30 PM","eeGender","male"
"ffc37797-5b65-42b2-be02-0f780a0ff83e","Jack Doe","Jack.Doe_62A91D7B@5StarEnroll.com","8/7/2015 12:58:30 PM","spCoverage","NONE"
"ffc37797-5b65-42b2-be02-0f780a0ff83e","Jack Doe","Jack.Doe_62A91D7B@5StarEnroll.com","8/7/2015 12:58:30 PM","existingIns","no"
"ffc37797-5b65-42b2-be02-0f780a0ff83e","Jack Doe","Jack.Doe_62A91D7B@5StarEnroll.com","8/7/2015 12:58:30 PM","replace","no"
"ffc37797-5b65-42b2-be02-0f780a0ff83e","Jack Doe","Jack.Doe_62A91D7B@5StarEnroll.com","8/7/2015 12:58:30 PM","eeBeneFullName","Jane Doe"
"ffc37797-5b65-42b2-be02-0f780a0ff83e","Jack Doe","Jack.Doe_62A91D7B@5StarEnroll.com","8/7/2015 12:58:30 PM","eeBeneRelationship","Spouse"
"ffc37797-5b65-42b2-be02-0f780a0ff83e","Jack Doe","Jack.Doe_62A91D7B@5StarEnroll.com","8/7/2015 12:58:30 PM","agentSignName","Alfred Agent"
"ffc37797-5b65-42b2-be02-0f780a0ff83e","Jack Doe","Jack.Doe_62A91D7B@5StarEnroll.com","8/7/2015 12:58:30 PM","eeEnrollCity","Chicago"
"ffc37797-5b65-42b2-be02-0f780a0ff83e","Jack Doe","Jack.Doe_62A91D7B@5StarEnroll.com","8/7/2015 12:58:30 PM","eePremiumTotal","52.35"
"ffc37797-5b65-42b2-be02-0f780a0ff83e","Jack Doe","Jack.Doe_62A91D7B@5StarEnroll.com","8/7/2015 12:58:30 PM","totalAllPremium","52.35"
"ffc37797-5b65-42b2-be02-0f780a0ff83e","Jack Doe","Jack.Doe_62A91D7B@5StarEnroll.com","8/7/2015 12:58:30 PM","payment_mode","monthly"
"ffc37797-5b65-42b2-be02-0f780a0ff83e","Jack Doe","Jack.Doe_62A91D7B@5StarEnroll.com","8/7/2015 12:58:30 PM","actively_at_work","yes"
"ffc37797-5b65-42b2-be02-0f780a0ff83e","Jack Doe","Jack.Doe_62A91D7B@5StarEnroll.com","8/7/2015 12:58:30 PM","date_of_hire","11/11/2011"
"ffc37797-5b65-42b2-be02-0f780a0ff83e","Jack Doe","Jack.Doe_62A91D7B@5StarEnroll.com","8/7/2015 12:58:30 PM","eeEnrollState","IL"
"ffc37797-5b65-42b2-be02-0f780a0ff83e","Jack Doe","Jack.Doe_62A91D7B@5StarEnroll.com","8/7/2015 12:58:30 PM","eeAddress","123 Main"
"ffc37797-5b65-42b2-be02-0f780a0ff83e","Jack Doe","Jack.Doe_62A91D7B@5StarEnroll.com","8/7/2015 12:58:30 PM","enrollType","assist"
"ffc37797-5b65-42b2-be02-0f780a0ff83e","Jack Doe","Jack.Doe_62A91D7B@5StarEnroll.com","8/7/2015 12:58:30 PM","DateSigned","8/7/2015 "
"ffc37797-5b65-42b2-be02-0f780a0ff83e","Jack Doe","Jack.Doe_62A91D7B@5StarEnroll.com","8/7/2015 12:58:30 PM","eeEmail",""
"ffc37797-5b65-42b2-be02-0f780a0ff83e","Jack Doe","Jack.Doe_62A91D7B@5StarEnroll.com","8/7/2015 12:58:30 PM","spGender",""
"ffc37797-5b65-42b2-be02-0f780a0ff83e","Jack Doe","Jack.Doe_62A91D7B@5StarEnroll.com","8/7/2015 12:58:30 PM","spName",""
"ffc37797-5b65-42b2-be02-0f780a0ff83e","Jack Doe","Jack.Doe_62A91D7B@5StarEnroll.com","8/7/2015 12:58:30 PM","spDOB",""
"ffc37797-5b65-42b2-be02-0f780a0ff83e","Jack Doe","Jack.Doe_62A91D7B@5StarEnroll.com","8/7/2015 12:58:30 PM","spSSN",""
"ffc37797-5b65-42b2-be02-0f780a0ff83e","Jack Doe","Jack.Doe_62A91D7B@5StarEnroll.com","8/7/2015 12:58:30 PM","spPremium",""
"ffc37797-5b65-42b2-be02-0f780a0ff83e","Jack Doe","Jack.Doe_62A91D7B@5StarEnroll.com","8/7/2015 12:58:30 PM","child1Name",""
"ffc37797-5b65-42b2-be02-0f780a0ff83e","Jack Doe","Jack.Doe_62A91D7B@5StarEnroll.com","8/7/2015 12:58:30 PM","child1DOB",""
"ffc37797-5b65-42b2-be02-0f780a0ff83e","Jack Doe","Jack.Doe_62A91D7B@5StarEnroll.com","8/7/2015 12:58:30 PM","child1SSN",""
"ffc37797-5b65-42b2-be02-0f780a0ff83e","Jack Doe","Jack.Doe_62A91D7B@5StarEnroll.com","8/7/2015 12:58:30 PM","child1Coverage",""
"ffc37797-5b65-42b2-be02-0f780a0ff83e","Jack Doe","Jack.Doe_62A91D7B@5StarEnroll.com","8/7/2015 12:58:30 PM","child1Premium",""
"ffc37797-5b65-42b2-be02-0f780a0ff83e","Jack Doe","Jack.Doe_62A91D7B@5StarEnroll.com","8/7/2015 12:58:30 PM","child1Gender",""
"ffc37797-5b65-42b2-be02-0f780a0ff83e","Jack Doe","Jack.Doe_62A91D7B@5StarEnroll.com","8/7/2015 12:58:30 PM","child2Gender",""
"ffc37797-5b65-42b2-be02-0f780a0ff83e","Jack Doe","Jack.Doe_62A91D7B@5StarEnroll.com","8/7/2015 12:58:30 PM","child2Name",""
"ffc37797-5b65-42b2-be02-0f780a0ff83e","Jack Doe","Jack.Doe_62A91D7B@5StarEnroll.com","8/7/2015 12:58:30 PM","child2DOB",""
"ffc37797-5b65-42b2-be02-0f780a0ff83e","Jack Doe","Jack.Doe_62A91D7B@5StarEnroll.com","8/7/2015 12:58:30 PM","child2SSN",""
"ffc37797-5b65-42b2-be02-0f780a0ff83e","Jack Doe","Jack.Doe_62A91D7B@5StarEnroll.com","8/7/2015 12:58:30 PM","child2Coverage",""
"ffc37797-5b65-42b2-be02-0f780a0ff83e","Jack Doe","Jack.Doe_62A91D7B@5StarEnroll.com","8/7/2015 12:58:30 PM","child2Premium",""
"ffc37797-5b65-42b2-be02-0f780a0ff83e","Jack Doe","Jack.Doe_62A91D7B@5StarEnroll.com","8/7/2015 12:58:30 PM","spSOH1",""
"ffc37797-5b65-42b2-be02-0f780a0ff83e","Jack Doe","Jack.Doe_62A91D7B@5StarEnroll.com","8/7/2015 12:58:30 PM","spSOH2",""
"ffc37797-5b65-42b2-be02-0f780a0ff83e","Jack Doe","Jack.Doe_62A91D7B@5StarEnroll.com","8/7/2015 12:58:30 PM","spSOH3",""
"ffc37797-5b65-42b2-be02-0f780a0ff83e","Jack Doe","Jack.Doe_62A91D7B@5StarEnroll.com","8/7/2015 12:58:30 PM","spSOH4",""
"ffc37797-5b65-42b2-be02-0f780a0ff83e","Jack Doe","Jack.Doe_62A91D7B@5StarEnroll.com","8/7/2015 12:58:30 PM","spSOH5",""
"ffc37797-5b65-42b2-be02-0f780a0ff83e","Jack Doe","Jack.Doe_62A91D7B@5StarEnroll.com","8/7/2015 12:58:30 PM","spSOH6",""
"ffc37797-5b65-42b2-be02-0f780a0ff83e","Jack Doe","Jack.Doe_62A91D7B@5StarEnroll.com","8/7/2015 12:58:30 PM","spSOH7",""
"ffc37797-5b65-42b2-be02-0f780a0ff83e","Jack Doe","Jack.Doe_62A91D7B@5StarEnroll.com","8/7/2015 12:58:30 PM","c1SOH1",""
"ffc37797-5b65-42b2-be02-0f780a0ff83e","Jack Doe","Jack.Doe_62A91D7B@5StarEnroll.com","8/7/2015 12:58:30 PM","c1SOH2",""
"ffc37797-5b65-42b2-be02-0f780a0ff83e","Jack Doe","Jack.Doe_62A91D7B@5StarEnroll.com","8/7/2015 12:58:30 PM","c1SOH3",""
"ffc37797-5b65-42b2-be02-0f780a0ff83e","Jack Doe","Jack.Doe_62A91D7B@5StarEnroll.com","8/7/2015 12:58:30 PM","c1SOH4",""
"ffc37797-5b65-42b2-be02-0f780a0ff83e","Jack Doe","Jack.Doe_62A91D7B@5StarEnroll.com","8/7/2015 12:58:30 PM","c1SOH5",""
"ffc37797-5b65-42b2-be02-0f780a0ff83e","Jack Doe","Jack.Doe_62A91D7B@5StarEnroll.com","8/7/2015 12:58:30 PM","c1SOH6",""
"ffc37797-5b65-42b2-be02-0f780a0ff83e","Jack Doe","Jack.Doe_62A91D7B@5StarEnroll.com","8/7/2015 12:58:30 PM","c1SOH7",""
"ffc37797-5b65-42b2-be02-0f780a0ff83e","Jack Doe","Jack.Doe_62A91D7B@5StarEnroll.com","8/7/2015 12:58:30 PM","c2SOH1",""
"ffc37797-5b65-42b2-be02-0f780a0ff83e","Jack Doe","Jack.Doe_62A91D7B@5StarEnroll.com","8/7/2015 12:58:30 PM","c2SOH2",""
"ffc37797-5b65-42b2-be02-0f780a0ff83e","Jack Doe","Jack.Doe_62A91D7B@5StarEnroll.com","8/7/2015 12:58:30 PM","c2SOH3",""
"ffc37797-5b65-42b2-be02-0f780a0ff83e","Jack Doe","Jack.Doe_62A91D7B@5StarEnroll.com","8/7/2015 12:58:30 PM","c2SOH4",""
"ffc37797-5b65-42b2-be02-0f780a0ff83e","Jack Doe","Jack.Doe_62A91D7B@5StarEnroll.com","8/7/2015 12:58:30 PM","c2SOH5",""
"ffc37797-5b65-42b2-be02-0f780a0ff83e","Jack Doe","Jack.Doe_62A91D7B@5StarEnroll.com","8/7/2015 12:58:30 PM","c2SOH6",""
"ffc37797-5b65-42b2-be02-0f780a0ff83e","Jack Doe","Jack.Doe_62A91D7B@5StarEnroll.com","8/7/2015 12:58:30 PM","c2SOH7",""
"ffc37797-5b65-42b2-be02-0f780a0ff83e","Jack Doe","Jack.Doe_62A91D7B@5StarEnroll.com","8/7/2015 12:58:30 PM","eeBeneSSN",""
"ffc37797-5b65-42b2-be02-0f780a0ff83e","Jack Doe","Jack.Doe_62A91D7B@5StarEnroll.com","8/7/2015 12:58:30 PM","eeBeneDOB",""
"ffc37797-5b65-42b2-be02-0f780a0ff83e","Jack Doe","Jack.Doe_62A91D7B@5StarEnroll.com","8/7/2015 12:58:30 PM","spBeneFullName",""
"ffc37797-5b65-42b2-be02-0f780a0ff83e","Jack Doe","Jack.Doe_62A91D7B@5StarEnroll.com","8/7/2015 12:58:30 PM","spBeneRelationship",""
"ffc37797-5b65-42b2-be02-0f780a0ff83e","Jack Doe","Jack.Doe_62A91D7B@5StarEnroll.com","8/7/2015 12:58:30 PM","spBeneSSN",""
"ffc37797-5b65-42b2-be02-0f780a0ff83e","Jack Doe","Jack.Doe_62A91D7B@5StarEnroll.com","8/7/2015 12:58:30 PM","spBeneDOB",""
"ffc37797-5b65-42b2-be02-0f780a0ff83e","Jack Doe","Jack.Doe_62A91D7B@5StarEnroll.com","8/7/2015 12:58:30 PM","spPremiumTotal",""
"ffc37797-5b65-42b2-be02-0f780a0ff83e","Jack Doe","Jack.Doe_62A91D7B@5StarEnroll.com","8/7/2015 12:58:30 PM","childPremiumTotal",""
"ffc37797-5b65-42b2-be02-0f780a0ff83e","Jack Doe","Jack.Doe_62A91D7B@5StarEnroll.com","8/7/2015 12:58:30 PM","group_number",""
"ffc37797-5b65-42b2-be02-0f780a0ff83e","Jack Doe","Jack.Doe_62A91D7B@5StarEnroll.com","8/7/2015 12:58:30 PM","eeContBeneFullName",""
"ffc37797-5b65-42b2-be02-0f780a0ff83e","Jack Doe","Jack.Doe_62A91D7B@5StarEnroll.com","8/7/2015 12:58:30 PM","eeContBeneRelationship",""
"ffc37797-5b65-42b2-be02-0f780a0ff83e","Jack Doe","Jack.Doe_62A91D7B@5StarEnroll.com","8/7/2015 12:58:30 PM","eeBeneAge",""
"ffc37797-5b65-42b2-be02-0f780a0ff83e","Jack Doe","Jack.Doe_62A91D7B@5StarEnroll.com","8/7/2015 12:58:30 PM","eeContBeneAge",""
"ffc37797-5b65-42b2-be02-0f780a0ff83e","Jack Doe","Jack.Doe_62A91D7B@5StarEnroll.com","8/7/2015 12:58:30 PM","eeContBeneDOB",""
"ffc37797-5b65-42b2-be02-0f780a0ff83e","Jack Doe","Jack.Doe_62A91D7B@5StarEnroll.com","8/7/2015 12:58:30 PM","eeContBeneSSN",""
"ffc37797-5b65-42b2-be02-0f780a0ff83e","Jack Doe","Jack.Doe_62A91D7B@5StarEnroll.com","8/7/2015 12:58:30 PM","spouse_hospital_six_months",""
"ffc37797-5b65-42b2-be02-0f780a0ff83e","Jack Doe","Jack.Doe_62A91D7B@5StarEnroll.com","8/7/2015 12:58:30 PM","spouse_disability_six_months",""
"ffc37797-5b65-42b2-be02-0f780a0ff83e","Jack Doe","Jack.Doe_62A91D7B@5StarEnroll.com","8/7/2015 12:58:30 PM","spBeneAge",""
"ffc37797-5b65-42b2-be02-0f780a0ff83e","Jack Doe","Jack.Doe_62A91D7B@5StarEnroll.com","8/7/2015 12:58:30 PM","spContBeneFullName",""
"ffc37797-5b65-42b2-be02-0f780a0ff83e","Jack Doe","Jack.Doe_62A91D7B@5StarEnroll.com","8/7/2015 12:58:30 PM","spContBeneRelationship",""
"ffc37797-5b65-42b2-be02-0f780a0ff83e","Jack Doe","Jack.Doe_62A91D7B@5StarEnroll.com","8/7/2015 12:58:30 PM","spContBeneDOB",""
"ffc37797-5b65-42b2-be02-0f780a0ff83e","Jack Doe","Jack.Doe_62A91D7B@5StarEnroll.com","8/7/2015 12:58:30 PM","spContBeneSSN",""
"ffc37797-5b65-42b2-be02-0f780a0ff83e","Jack Doe","Jack.Doe_62A91D7B@5StarEnroll.com","8/7/2015 12:58:30 PM","spContBeneAge",""
"ffc37797-5b65-42b2-be02-0f780a0ff83e","Jack Doe","Jack.Doe_62A91D7B@5StarEnroll.com","8/7/2015 12:58:30 PM","eeSOH1gi",""
"ffc37797-5b65-42b2-be02-0f780a0ff83e","Jack Doe","Jack.Doe_62A91D7B@5StarEnroll.com","8/7/2015 12:58:30 PM","eeSOH2gi",""
"ffc37797-5b65-42b2-be02-0f780a0ff83e","Jack Doe","Jack.Doe_62A91D7B@5StarEnroll.com","8/7/2015 12:58:30 PM","eeSOH3gi",""
"ffc37797-5b65-42b2-be02-0f780a0ff83e","Jack Doe","Jack.Doe_62A91D7B@5StarEnroll.com","8/7/2015 12:58:30 PM","eeSOH5gi",""
"ffc37797-5b65-42b2-be02-0f780a0ff83e","Jack Doe","Jack.Doe_62A91D7B@5StarEnroll.com","8/7/2015 12:58:30 PM","eeSOH4gi",""
"ffc37797-5b65-42b2-be02-0f780a0ff83e","Jack Doe","Jack.Doe_62A91D7B@5StarEnroll.com","8/7/2015 12:58:30 PM","eeSOH6gi",""
"ffc37797-5b65-42b2-be02-0f780a0ff83e","Jack Doe","Jack.Doe_62A91D7B@5StarEnroll.com","8/7/2015 12:58:30 PM","eeSOH7gi",""
"ffc37797-5b65-42b2-be02-0f780a0ff83e","Jack Doe","Jack.Doe_62A91D7B@5StarEnroll.com","8/7/2015 12:58:30 PM","spSOH1gi",""
"ffc37797-5b65-42b2-be02-0f780a0ff83e","Jack Doe","Jack.Doe_62A91D7B@5StarEnroll.com","8/7/2015 12:58:30 PM","spSOH2gi",""
"ffc37797-5b65-42b2-be02-0f780a0ff83e","Jack Doe","Jack.Doe_62A91D7B@5StarEnroll.com","8/7/2015 12:58:30 PM","spSOH3gi",""
"ffc37797-5b65-42b2-be02-0f780a0ff83e","Jack Doe","Jack.Doe_62A91D7B@5StarEnroll.com","8/7/2015 12:58:30 PM","spSOH5gi",""
"ffc37797-5b65-42b2-be02-0f780a0ff83e","Jack Doe","Jack.Doe_62A91D7B@5StarEnroll.com","8/7/2015 12:58:30 PM","spSOH4gi",""
"ffc37797-5b65-42b2-be02-0f780a0ff83e","Jack Doe","Jack.Doe_62A91D7B@5StarEnroll.com","8/7/2015 12:58:30 PM","spSOH6gi",""
"ffc37797-5b65-42b2-be02-0f780a0ff83e","Jack Doe","Jack.Doe_62A91D7B@5StarEnroll.com","8/7/2015 12:58:30 PM","spSOH7gi",""
"ffc37797-5b65-42b2-be02-0f780a0ff83e","Jack Doe","Jack.Doe_62A91D7B@5StarEnroll.com","8/7/2015 12:58:30 PM","c1SOH1gi",""
"ffc37797-5b65-42b2-be02-0f780a0ff83e","Jack Doe","Jack.Doe_62A91D7B@5StarEnroll.com","8/7/2015 12:58:30 PM","c1SOH2gi",""
"ffc37797-5b65-42b2-be02-0f780a0ff83e","Jack Doe","Jack.Doe_62A91D7B@5StarEnroll.com","8/7/2015 12:58:30 PM","c1SOH3gi",""
"ffc37797-5b65-42b2-be02-0f780a0ff83e","Jack Doe","Jack.Doe_62A91D7B@5StarEnroll.com","8/7/2015 12:58:30 PM","c1SOH5gi",""
"ffc37797-5b65-42b2-be02-0f780a0ff83e","Jack Doe","Jack.Doe_62A91D7B@5StarEnroll.com","8/7/2015 12:58:30 PM","c1SOH4gi",""
"ffc37797-5b65-42b2-be02-0f780a0ff83e","Jack Doe","Jack.Doe_62A91D7B@5StarEnroll.com","8/7/2015 12:58:30 PM","c1SOH6gi",""
"ffc37797-5b65-42b2-be02-0f780a0ff83e","Jack Doe","Jack.Doe_62A91D7B@5StarEnroll.com","8/7/2015 12:58:30 PM","c1SOH7gi",""
"ffc37797-5b65-42b2-be02-0f780a0ff83e","Jack Doe","Jack.Doe_62A91D7B@5StarEnroll.com","8/7/2015 12:58:30 PM","c2SOH1gi",""
"ffc37797-5b65-42b2-be02-0f780a0ff83e","Jack Doe","Jack.Doe_62A91D7B@5StarEnroll.com","8/7/2015 12:58:30 PM","c2SOH2gi",""
"ffc37797-5b65-42b2-be02-0f780a0ff83e","Jack Doe","Jack.Doe_62A91D7B@5StarEnroll.com","8/7/2015 12:58:30 PM","c2SOH3gi",""
"ffc37797-5b65-42b2-be02-0f780a0ff83e","Jack Doe","Jack.Doe_62A91D7B@5StarEnroll.com","8/7/2015 12:58:30 PM","c2SOH5gi",""
"ffc37797-5b65-42b2-be02-0f780a0ff83e","Jack Doe","Jack.Doe_62A91D7B@5StarEnroll.com","8/7/2015 12:58:30 PM","c2SOH4gi",""
"ffc37797-5b65-42b2-be02-0f780a0ff83e","Jack Doe","Jack.Doe_62A91D7B@5StarEnroll.com","8/7/2015 12:58:30 PM","c2SOH6gi",""
"ffc37797-5b65-42b2-be02-0f780a0ff83e","Jack Doe","Jack.Doe_62A91D7B@5StarEnroll.com","8/7/2015 12:58:30 PM","c2SOH7gi",""
"ffc37797-5b65-42b2-be02-0f780a0ff83e","Jack Doe","Jack.Doe_62A91D7B@5StarEnroll.com","8/7/2015 12:58:30 PM","extra_children_notice",""
"ffc37797-5b65-42b2-be02-0f780a0ff83e","Jack Doe","Jack.Doe_62A91D7B@5StarEnroll.com","8/7/2015 12:58:30 PM","spouse_owner_notice",""
"ffc37797-5b65-42b2-be02-0f780a0ff83e","Jack Doe","Jack.Doe_62A91D7B@5StarEnroll.com","8/7/2015 12:58:30 PM","spAddress",""
"ffc37797-5b65-42b2-be02-0f780a0ff83e","Jack Doe","Jack.Doe_62A91D7B@5StarEnroll.com","8/7/2015 12:58:30 PM","spCity",""
"ffc37797-5b65-42b2-be02-0f780a0ff83e","Jack Doe","Jack.Doe_62A91D7B@5StarEnroll.com","8/7/2015 12:58:30 PM","spState",""
"ffc37797-5b65-42b2-be02-0f780a0ff83e","Jack Doe","Jack.Doe_62A91D7B@5StarEnroll.com","8/7/2015 12:58:30 PM","spZip",""
"ffc37797-5b65-42b2-be02-0f780a0ff83e","Jack Doe","Jack.Doe_62A91D7B@5StarEnroll.com","8/7/2015 12:58:30 PM","spEmail",""
"ffc37797-5b65-42b2-be02-0f780a0ff83e","Jack Doe","Jack.Doe_62A91D7B@5StarEnroll.com","8/7/2015 12:58:30 PM","sp_address_same_as_employee",""
"ffc37797-5b65-42b2-be02-0f780a0ff83e","Jack Doe","Jack.Doe_62A91D7B@5StarEnroll.com","8/7/2015 12:58:30 PM","sp_email_same_as_employee",""
"ffc37797-5b65-42b2-be02-0f780a0ff83e","Jack Doe","Jack.Doe_62A91D7B@5StarEnroll.com","8/7/2015 12:58:30 PM","spouse_disability_six_months_gi",""
"ffc37797-5b65-42b2-be02-0f780a0ff83e","Jack Doe","Jack.Doe_62A91D7B@5StarEnroll.com","8/7/2015 12:58:30 PM","spouse_hospital_six_months_gi",""
"ffc37797-5b65-42b2-be02-0f780a0ff83e","Alfred Agent","5staragent@thumbprintcpm.com","8/7/2015 12:58:57 PM","existingInsAgent","no"
"ffc37797-5b65-42b2-be02-0f780a0ff83e","Alfred Agent","5staragent@thumbprintcpm.com","8/7/2015 12:58:57 PM","replaceAgent","yes"
"ffc37797-5b65-42b2-be02-0f780a0ff83e","Alfred Agent","5staragent@thumbprintcpm.com","8/7/2015 12:58:57 PM","DateSigned","8/7/2015 "
"ffc37797-5b65-42b2-be02-0f780a0ff83e","Archive","docusign.transaction.archive@5starenroll.com","","",""
"ffc37797-5b65-42b2-be02-0f780a0ff83e","New Business Team","newbusiness@5starenroll.com","","",""
